<ImportExportXml xmlns:xsi="http://www.w3.org/2001/XMLSchema-instance">
  <Entities></Entities>
  <Roles></Roles>
  <Workflows></Workflows>
  <FieldSecurityProfiles></FieldSecurityProfiles>
  <Templates />
  <EntityMaps />
  <EntityRelationships />
  <OrganizationSettings />
  <optionsets />
  <CustomControls>
    <CustomControl>
      <Name>tema_Technomancy.BraintreePayments</Name>
      <FileName>/Controls/tema_Technomancy.BraintreePayments/ControlManifest.xml</FileName>
    </CustomControl>
  </CustomControls>
  <EntityDataProviders />
  <CanvasApps>
    <CanvasApp>
      <Name>tk_braintreepaymentsdemo_6ed4a</Name>
      <AppVersion>2020-04-26T08:32:36Z</AppVersion>
      <Status>Ready</Status>
      <CreatedByClientVersion>3.20023.8.0</CreatedByClientVersion>
      <MinClientVersion>3.20023.8.0</MinClientVersion>
      <Tags>{"primaryDeviceWidth":"640","primaryDeviceHeight":"1136","sienaVersion":"2b3b0b05-6408-4e9c-8d51-b1080aa44554","deviceCapabilities":"","supportsPortrait":"true","supportsLandscape":"false","primaryFormFactor":"Phone","publisherVersion":"3.20023.8","minimumRequiredApiVersion":"2.2.0","hasComponent":"false","hasUnlockedComponent":"false"}</Tags>
      <IsCdsUpgraded>0</IsCdsUpgraded>
      <GalleryItemId xsi:nil="true"></GalleryItemId>
      <BackgroundColor>rgba(0, 176, 240, 1)</BackgroundColor>
      <DisplayName>BraintreePaymentsDemo</DisplayName>
      <Description xsi:nil="true"></Description>
      <CommitMessage xsi:nil="true"></CommitMessage>
      <Publisher xsi:nil="true"></Publisher>
      <AuthorizationReferences xsi:nil="true"></AuthorizationReferences>
      <ConnectionReferences>{"fb684008-1e35-4d23-86ba-45483b6386d9":{"id":"/providers/microsoft.powerapps/apis/shared_tema-5fstripepaymentintents-5f0737a3a710d0a84e","displayName":"StripePaymentIntents","iconUri":"https://prodapiicons.cdn.powerappscdn.net/20200329t000000zdf6cd419e8f7463fb8c92c2d9316856f/customconnectoricon.png","dataSources":["StripePaymentIntent"],"dependencies":[],"dependents":[],"parameterHints":{},"isOnPremiseConnection":false,"dataSets":{},"apiTier":"Standard"}}</ConnectionReferences>
      <DatabaseReferences>{}</DatabaseReferences>
      <BypassConsent>0</BypassConsent>
      <AdminControlBypassConsent>0</AdminControlBypassConsent>
      <EmbeddedApp xsi:nil="true"></EmbeddedApp>
      <IntroducedVersion>1.0</IntroducedVersion>
      <CdsDependencies>{"cdsdependencies":[]}</CdsDependencies>
      <BackgroundImageUri>/CanvasApps/tk_braintreepaymentsdemo_6ed4a_BackgroundImageUri</BackgroundImageUri>
      <DocumentUri>/CanvasApps/tk_braintreepaymentsdemo_6ed4a_DocumentUri.msapp</DocumentUri>
    </CanvasApp>
  </CanvasApps>
  <Languages>
    <Language>1033</Language>
  </Languages>
</ImportExportXml>